{
  "2.0": {
    "RandomForest": 0.00028961168911905777,
    "XGBoost": 0.0001872900866197564,
    "LightGBM": 0.9985082627988521,
    "CatBoost": 0.0010148354254091215
  }
}