{
  "1.0": {
    "RandomForest": 0.000488793300819479,
    "XGBoost": 0.3365774724104722,
    "LightGBM": 0.3309236993834112,
    "CatBoost": 0.3320100349052972
  },
  "2.0": {
    "RandomForest": 0.01186195473801327,
    "XGBoost": 0.33211256523569654,
    "LightGBM": 0.32862089064014455,
    "CatBoost": 0.3274045893861456
  }
}