{
  "individual_models": {
    "RandomForest": {
      "auc": 1.0,
      "brier_score": 0.005161809375171497,
      "calibration_mae": 0.23902842027269128,
      "oof_sharpe": 10.632885843143125
    },
    "XGBoost": {
      "auc": 1.0,
      "brier_score": 0.00013281194400852848,
      "calibration_mae": 0.0333996743240098,
      "oof_sharpe": 12.631493574823278
    },
    "LightGBM": {
      "auc": 1.0,
      "brier_score": 0.00021658928832546934,
      "calibration_mae": 0.04054882867502693,
      "oof_sharpe": 12.677112265979172
    },
    "CatBoost": {
      "auc": 1.0,
      "brier_score": 0.0001384388446036806,
      "calibration_mae": 0.03707407621277682,
      "oof_sharpe": 12.672869785294164
    }
  },
  "ensemble": {
    "total_return": 3.135971203274064e+104,
    "annualized_return": 9.072470140906546e+42,
    "volatility": 7.76049649980797,
    "sharpe_ratio": 18.311560337533447,
    "max_drawdown": -0.0015000000000000371,
    "trade_count": 319,
    "turnover": 318.27302486165354,
    "costs_applied": true,
    "cost_analysis": {
      "sharpe_without_costs": 18.355611169872475,
      "sharpe_with_costs": 18.326514656348827,
      "sharpe_degradation": 0.029096513523647616,
      "total_transaction_costs": 0.31827302486165354,
      "total_slippage_costs": 0.15913651243082677,
      "total_costs": 0.4774095372924803,
      "cost_drag_pct": 0.1378043356557811,
      "annualized_costs": 0.19625971190490218,
      "annualized_turnover": 131.13866231647634,
      "cost_per_trade": 0.0036404941827174507
    },
    "sharpe_without_costs": 18.34063310848805,
    "sharpe_degradation": 0.029096513523647616,
    "annualized_costs": 0.19625971190490218,
    "cost_drag_pct": 0.1378043356557811
  },
  "diversity": {
    "pairwise_correlations": {
      "RandomForest_XGBoost": NaN,
      "RandomForest_LightGBM": NaN,
      "RandomForest_CatBoost": NaN,
      "XGBoost_LightGBM": NaN,
      "XGBoost_CatBoost": NaN,
      "LightGBM_CatBoost": NaN
    },
    "average_correlation": NaN,
    "diversity_score": NaN,
    "high_correlation_pairs": []
  },
  "oof_performance": {
    "RandomForest": {
      "error": "Input contains NaN."
    },
    "XGBoost": {
      "error": "Input contains NaN."
    },
    "LightGBM": {
      "error": "Input contains NaN."
    },
    "CatBoost": {
      "error": "Input contains NaN."
    }
  }
}