{
  "2.0": {
    "RandomForest": 0.0007645816208184841,
    "XGBoost": 1.3877787807814457e-17,
    "LightGBM": 0.9916768679914683,
    "CatBoost": 0.007558550387713359
  }
}