{
  "2.0": {
    "RandomForest": 0.0,
    "XGBoost": 0.0049737262548030636,
    "LightGBM": 0.9918921676538526,
    "CatBoost": 0.0031341060913443394
  }
}