{
  "RandomForest": 2.792210906932263e-14,
  "LightGBM": 0.999999999999972,
  "MLP": 0.0
}