{
  "individual_models": {
    "RandomForest": {
      "auc": 0.9999175824175823,
      "brier_score": 0.020525097233439843,
      "calibration_mae": 0.20965887633974956,
      "oof_sharpe": 8.96513453721638
    },
    "XGBoost": {
      "auc": 1.0,
      "brier_score": 0.0014318375920034897,
      "calibration_mae": 0.08663424496881468,
      "oof_sharpe": 11.35516620030454
    },
    "LightGBM": {
      "auc": 1.0,
      "brier_score": 0.00033314775963380996,
      "calibration_mae": 0.032101770543737286,
      "oof_sharpe": 11.398766373367636
    },
    "CatBoost": {
      "auc": 1.0,
      "brier_score": 9.980185970635091e-05,
      "calibration_mae": 0.01862216191610055,
      "oof_sharpe": 11.411755304601858
    }
  },
  "ensemble": {
    "total_return": 1.8472819101264466e+116,
    "annualized_return": 2.2371452868517693e+38,
    "volatility": 7.634875422749558,
    "sharpe_ratio": 16.494256033469824,
    "max_drawdown": -0.0015000000000000345,
    "trade_count": 400,
    "turnover": 391.28574204770297,
    "costs_applied": true,
    "cost_analysis": {
      "sharpe_without_costs": 16.530637091113373,
      "sharpe_with_costs": 16.505061312082667,
      "sharpe_degradation": 0.025575779030706514,
      "total_transaction_costs": 0.391285742047703,
      "total_slippage_costs": 0.1956428710238515,
      "total_costs": 0.5869286130715545,
      "cost_drag_pct": 0.15339340102463242,
      "annualized_costs": 0.19359425457333995,
      "annualized_turnover": 131.9371727748691,
      "cost_per_trade": 0.004448546233994719
    },
    "sharpe_without_costs": 16.519815068944542,
    "sharpe_degradation": 0.025575779030706514,
    "annualized_costs": 0.19359425457333995,
    "cost_drag_pct": 0.15339340102463242
  },
  "diversity": {
    "pairwise_correlations": {
      "RandomForest_XGBoost": NaN,
      "RandomForest_LightGBM": NaN,
      "RandomForest_CatBoost": NaN,
      "XGBoost_LightGBM": NaN,
      "XGBoost_CatBoost": NaN,
      "LightGBM_CatBoost": NaN
    },
    "average_correlation": NaN,
    "diversity_score": NaN,
    "high_correlation_pairs": []
  },
  "oof_performance": {
    "RandomForest": {
      "error": "Input contains NaN."
    },
    "XGBoost": {
      "error": "Input contains NaN."
    },
    "LightGBM": {
      "error": "Input contains NaN."
    },
    "CatBoost": {
      "error": "Input contains NaN."
    }
  }
}