{
  "2.0": {
    "RandomForest": 0.009916609829212383,
    "XGBoost": 0.0,
    "LightGBM": 0.24784408246477926,
    "CatBoost": 0.7422393077060083
  }
}