{
  "RandomForest": 2.1578667211120326e-18,
  "GradientBoosting": 0.4994453030431884,
  "XGBoost": 1.5515584472761445e-19,
  "LightGBM": 0.49889332680659465,
  "CatBoost": 0.0015780269977673789,
  "LogisticRegression": 1.4981340037351874e-05,
  "RidgeClassifier": 4.2696621010281155e-05,
  "SVC": 0.0,
  "MLP": 2.5665191401934757e-05
}