{
  "purged_cv": {
    "sharpe_scores": [
      17.502940929354427,
      18.641210712883037,
      18.697744083252847,
      17.399059535712635
    ],
    "turnover_scores": [
      "336",
      "348",
      "346",
      "330"
    ],
    "avg_sharpe": 18.060238815300735,
    "sharpe_std": 0.6106718197780086
  },
  "permutation_test": {
    "real_sharpe": 14.945546807305828,
    "permuted_sharpe_scores": "[9.34511582 9.20243791 9.44891897 9.45540823 9.51382163 9.63721002\n 9.4618977  9.43594107 9.55277506 9.49434839 9.48785779 9.4618977\n 9.61772032 9.57874955 9.29971374 9.53329715 9.52680505 9.43594107\n 9.44891897 9.34511582 9.68919778 9.49434839 9.42945242 9.52031321\n 9.5073303  9.59173857 9.60472881 9.4618977  9.52680505 9.57874955\n 9.34511582 9.33214321 9.40349969 9.32565709 9.36457575 9.384037\n 9.45540823 9.48136743 9.4618977  9.50083922 9.49434839 9.46838739\n 9.56576173 9.52031321 9.53329715 9.35808897 9.55926825 9.31917108\n 9.7347066  9.2802573  9.3905244  9.62421655 9.66969969 9.55277506\n 9.46838739 9.40349969 9.3126852  9.40349969 9.58524391 9.48785779\n 9.58524391 9.49434839 9.3905244  9.63071312 9.53978951 9.40349969\n 9.48785779 9.41647569 9.58524391 9.384037   9.65020484 9.48785779\n 9.46838739 9.33214321 9.33214321 9.44242992 9.44242992 9.42296396\n 9.44891897 9.49434839 9.40349969 9.39701196 9.68269804 9.37754976\n 9.55277506 9.5073303  9.35808897 9.64370726 9.51382163 9.42296396\n 9.35808897 9.44891897 9.42296396 9.62421655 9.58524391 9.48785779\n 9.47487729 9.65670277 9.45540823 9.44242992]",
    "p_value": 0.0,
    "effect_size": 53.570195257167974
  },
  "block_bootstrap": {
    "original_sharpe": 14.945546807305828,
    "bootstrap_sharpe_scores": "[15.88297653 15.12188527 14.61222917 15.67259812 14.92098728 14.92098728\n 14.25490484 14.68299363 15.37439732 14.04081503 15.95088926 14.63578546\n 15.73961847 13.97252391 15.25173382 14.52612575 14.31653762 15.43195478\n 15.81535325 14.88109182 15.53109884 14.59654257 14.72243186 14.47933689\n 14.04081503 15.31704085 15.21917661 15.22730993 15.03319544 14.38612736\n 14.43267117 15.58921334 15.46493586 13.66450376 14.23184649 14.62007774\n 15.36619129 14.75404719 14.83333988 15.17856956 15.48145142 15.48145142\n 15.13806117 14.42490543 14.63578546 14.7777967  15.34159773 15.84912894\n 14.40162849 14.62007774 15.23544724 14.12462448 15.36619129 14.54956673\n 14.8571992  15.04928612 15.59753246 14.47155075 13.73917484 14.92897759\n 15.76482353 14.55738733 15.91689648 14.7777967  15.22730993 15.00908816\n 14.82539414 15.68932699 14.23184649 14.96898557 14.3629008  15.58921334\n 14.82539414 16.13917238 14.89703881 15.51453286 15.46493586 15.30068989\n 15.11380317 15.24358853 15.17046002 14.8571992  14.29340071 15.12188527\n 14.82539414 14.8651597  15.68096038 14.37838183 16.56690664 14.27029337\n 14.26259748 16.22551003 16.22551003 14.8571992  14.74613794 15.86604372\n 15.79849223 14.48712645 13.94981554 15.87450787]",
    "ci_95": "[13.96060202 16.18449964]",
    "ci_90": "[14.04081503 15.91859612]",
    "ci_68": "[14.38488808 15.67393608]"
  },
  "stability_test": {
    "period_performances": "[ 7.68890539 18.04374247 18.92727253 17.1379796 ]",
    "performance_std": 4.525007951301645,
    "performance_range": 11.238367137914405
  },
  "summary": {
    "overall_robustness": "MEDIUM",
    "key_findings": [
      "Purged CV shows stable performance",
      "Performance is statistically significant",
      "Large effect size indicates strong predictive power",
      "Wide confidence intervals suggest estimation uncertainty",
      "Low performance stability across time periods"
    ],
    "recommendations": [
      "Consider longer time series or more robust estimation",
      "Investigate regime changes and model adaptation"
    ]
  }
}