{
  "2.0": {
    "RandomForest": 0.000827758462410674,
    "XGBoost": 9.488823685420466e-05,
    "LightGBM": 0.9990773533007352,
    "CatBoost": 0.0
  }
}