{
  "1.0": {
    "RandomForest": 0.0,
    "XGBoost": 0.3805758909360742,
    "LightGBM": 0.6194241090639258,
    "CatBoost": 8.326672684688674e-17
  },
  "2.0": {
    "RandomForest": 4.7704895589362195e-17,
    "XGBoost": 2.981555974335137e-19,
    "LightGBM": 1.0,
    "CatBoost": 0.0
  }
}