{
  "individual_models": {
    "RandomForest": {
      "auc": 1.0,
      "brier_score": 0.003557901934366823,
      "calibration_mae": 0.19413052507135325,
      "oof_sharpe": 11.04554497556279
    },
    "XGBoost": {
      "auc": 1.0,
      "brier_score": 0.0011753975139050421,
      "calibration_mae": 0.1895024231721111,
      "oof_sharpe": 11.633401906881724
    },
    "LightGBM": {
      "auc": 1.0,
      "brier_score": 0.0014814737569378528,
      "calibration_mae": 0.14069151271856406,
      "oof_sharpe": 11.870767116428606
    },
    "CatBoost": {
      "auc": 1.0,
      "brier_score": 0.0008268031799831951,
      "calibration_mae": 0.03587089039323705,
      "oof_sharpe": 11.82171991402998
    }
  },
  "ensemble": {
    "total_return": 2.0571612968036695e+122,
    "annualized_return": 1.419474736533494e+41,
    "volatility": 7.780631932376492,
    "sharpe_ratio": 17.48401592008466,
    "max_drawdown": -0.0015000000000000321,
    "trade_count": 387,
    "turnover": 384.96621783536955,
    "costs_applied": true,
    "cost_analysis": {
      "sharpe_without_costs": 17.523089226814015,
      "sharpe_with_costs": 17.495699192968853,
      "sharpe_degradation": 0.02739003384516181,
      "total_transaction_costs": 0.3849662178353696,
      "total_slippage_costs": 0.1924831089176848,
      "total_costs": 0.5774493267530544,
      "cost_drag_pct": 0.1425171216542475,
      "annualized_costs": 0.19428201647766316,
      "annualized_turnover": 130.20560747663552,
      "cost_per_trade": 0.004434903672306691
    },
    "sharpe_without_costs": 17.51138766342104,
    "sharpe_degradation": 0.02739003384516181,
    "annualized_costs": 0.19428201647766316,
    "cost_drag_pct": 0.1425171216542475
  },
  "diversity": {
    "pairwise_correlations": {
      "RandomForest_XGBoost": NaN,
      "RandomForest_LightGBM": NaN,
      "RandomForest_CatBoost": NaN,
      "XGBoost_LightGBM": NaN,
      "XGBoost_CatBoost": NaN,
      "LightGBM_CatBoost": NaN
    },
    "average_correlation": NaN,
    "diversity_score": NaN,
    "high_correlation_pairs": []
  },
  "oof_performance": {
    "RandomForest": {
      "error": "Input contains NaN."
    },
    "XGBoost": {
      "error": "Input contains NaN."
    },
    "LightGBM": {
      "error": "Input contains NaN."
    },
    "CatBoost": {
      "error": "Input contains NaN."
    }
  }
}