{
  "2.0": {
    "RandomForest": 0.0010258981631703998,
    "XGBoost": 0.00031794131685690944,
    "LightGBM": 0.9986561605199726,
    "CatBoost": 0.0
  }
}