{
  "2.0": {
    "RandomForest": 4.336808689942019e-19,
    "XGBoost": 0.0001305025263480683,
    "LightGBM": 0.9883752565809275,
    "CatBoost": 0.011494240892724432
  }
}