{
  "individual_models": {
    "RandomForest": {
      "auc": 1.0,
      "brier_score": 0.0064593406808941215,
      "calibration_mae": 0.19972223451978127,
      "oof_sharpe": 10.035070919800724
    },
    "XGBoost": {
      "auc": 1.0,
      "brier_score": 0.00237042202600695,
      "calibration_mae": 0.1339553886709923,
      "oof_sharpe": 12.23183839185272
    },
    "LightGBM": {
      "auc": 0.9999221611721612,
      "brier_score": 0.0014477633104547588,
      "calibration_mae": 0.0002853604415455256,
      "oof_sharpe": 12.350920096421818
    },
    "CatBoost": {
      "auc": 1.0,
      "brier_score": 0.0009614362403946502,
      "calibration_mae": 0.08309748002284809,
      "oof_sharpe": 12.321919605380547
    }
  },
  "ensemble": {
    "total_return": 6.09850001420353e+115,
    "annualized_return": 3.540535556449302e+43,
    "volatility": 7.747911946446086,
    "sharpe_ratio": 18.597796065937224,
    "max_drawdown": -0.0015000000000000371,
    "trade_count": 356,
    "turnover": 357.2511521604109,
    "costs_applied": true,
    "cost_analysis": {
      "sharpe_without_costs": 18.642167429335057,
      "sharpe_with_costs": 18.611690573714686,
      "sharpe_degradation": 0.030476855620371168,
      "total_transaction_costs": 0.3572511521604109,
      "total_slippage_costs": 0.17862557608020546,
      "total_costs": 0.5358767282406164,
      "cost_drag_pct": 0.13957689633601583,
      "annualized_costs": 0.2015536350994557,
      "annualized_turnover": 133.89850746268658,
      "cost_per_trade": 0.004002111288581382
    },
    "sharpe_without_costs": 18.62825016914261,
    "sharpe_degradation": 0.030476855620371168,
    "annualized_costs": 0.2015536350994557,
    "cost_drag_pct": 0.13957689633601583
  },
  "diversity": {
    "pairwise_correlations": {
      "RandomForest_XGBoost": NaN,
      "RandomForest_LightGBM": NaN,
      "RandomForest_CatBoost": NaN,
      "XGBoost_LightGBM": NaN,
      "XGBoost_CatBoost": NaN,
      "LightGBM_CatBoost": NaN
    },
    "average_correlation": NaN,
    "diversity_score": NaN,
    "high_correlation_pairs": []
  },
  "oof_performance": {
    "RandomForest": {
      "error": "Input contains NaN."
    },
    "XGBoost": {
      "error": "Input contains NaN."
    },
    "LightGBM": {
      "error": "Input contains NaN."
    },
    "CatBoost": {
      "error": "Input contains NaN."
    }
  }
}