{
  "2.0": {
    "RandomForest": 0.0010801461233164583,
    "XGBoost": 0.000567457558838122,
    "LightGBM": 0.9983523963178454,
    "CatBoost": 0.0
  }
}