{
  "RandomForest": 0.3333333333333333,
  "LightGBM": 0.3333333333333333,
  "MLP": 0.3333333333333333
}