{
  "individual_models": {
    "RandomForest": {
      "auc": 0.9997943967709472,
      "brier_score": 0.009864366553138028,
      "calibration_mae": 0.10979961508309669,
      "oof_sharpe": 8.757679865480315
    },
    "XGBoost": {
      "auc": 1.0,
      "brier_score": 0.0016049628688788846,
      "calibration_mae": 0.15921737773050215,
      "oof_sharpe": 12.171910168749609
    },
    "LightGBM": {
      "auc": 1.0,
      "brier_score": 0.0011266315419581443,
      "calibration_mae": 0.13898531103445055,
      "oof_sharpe": 12.218517886368591
    },
    "CatBoost": {
      "auc": 1.0,
      "brier_score": 0.0007904023174098493,
      "calibration_mae": 0.12145527271103747,
      "oof_sharpe": 12.21439598432898
    }
  },
  "ensemble": {
    "total_return": 6.0532782034379e+99,
    "annualized_return": 1.2209616576505029e+41,
    "volatility": 7.691190809365783,
    "sharpe_ratio": 17.60199118818144,
    "max_drawdown": -0.0015000000000000215,
    "trade_count": 320,
    "turnover": 318.0033034231546,
    "costs_applied": true,
    "cost_analysis": {
      "sharpe_without_costs": 17.64431660860247,
      "sharpe_with_costs": 17.61638954738915,
      "sharpe_degradation": 0.027927061213318893,
      "total_transaction_costs": 0.31800330342315464,
      "total_slippage_costs": 0.15900165171157732,
      "total_costs": 0.47700495513473196,
      "cost_drag_pct": 0.14475460927269865,
      "annualized_costs": 0.19641380505547787,
      "annualized_turnover": 131.76470588235293,
      "cost_per_trade": 0.0036201268916475197
    },
    "sharpe_without_costs": 17.629895423840303,
    "sharpe_degradation": 0.027927061213318893,
    "annualized_costs": 0.19641380505547787,
    "cost_drag_pct": 0.14475460927269865
  },
  "diversity": {
    "pairwise_correlations": {
      "RandomForest_XGBoost": NaN,
      "RandomForest_LightGBM": NaN,
      "RandomForest_CatBoost": NaN,
      "XGBoost_LightGBM": NaN,
      "XGBoost_CatBoost": NaN,
      "LightGBM_CatBoost": NaN
    },
    "average_correlation": NaN,
    "diversity_score": NaN,
    "high_correlation_pairs": []
  },
  "oof_performance": {
    "RandomForest": {
      "error": "Input contains NaN."
    },
    "XGBoost": {
      "error": "Input contains NaN."
    },
    "LightGBM": {
      "error": "Input contains NaN."
    },
    "CatBoost": {
      "error": "Input contains NaN."
    }
  }
}