{
  "2.0": {
    "RandomForest": 8.131516293641283e-20,
    "XGBoost": 0.0,
    "LightGBM": 0.9993238127955641,
    "CatBoost": 0.0006761872044358597
  }
}