{
  "2.0": {
    "RandomForest": 0.011413778617750397,
    "XGBoost": 0.5482122109402596,
    "LightGBM": 0.0,
    "CatBoost": 0.4403740104419899
  }
}