{
  "2.0": {
    "RandomForest": 0.0,
    "XGBoost": 0.0008774944709918005,
    "LightGBM": 0.9991225055290082,
    "CatBoost": 0.0
  }
}