{
  "individual_models": {
    "RandomForest": {
      "auc": 1.0,
      "brier_score": 0.0033066449509226875,
      "calibration_mae": 0.15701451708844988,
      "oof_sharpe": 11.65196312006208
    },
    "XGBoost": {
      "auc": 1.0,
      "brier_score": 0.0012856310651039753,
      "calibration_mae": 0.1484222333219521,
      "oof_sharpe": 12.903845821127431
    },
    "LightGBM": {
      "auc": 1.0,
      "brier_score": 0.00019475176537468773,
      "calibration_mae": 0.016782388344470375,
      "oof_sharpe": 13.048491383622752
    },
    "CatBoost": {
      "auc": 1.0,
      "brier_score": 1.7931313202636344e-05,
      "calibration_mae": 0.0026027820447087737,
      "oof_sharpe": 13.03834804785951
    }
  },
  "ensemble": {
    "total_return": 3.9270402690898305e+133,
    "annualized_return": 5.114119545235595e+44,
    "volatility": 7.733128355190712,
    "sharpe_ratio": 19.146795550776663,
    "max_drawdown": -0.001500000000000037,
    "trade_count": 378,
    "turnover": 380.3692744469847,
    "costs_applied": true,
    "cost_analysis": {
      "sharpe_without_costs": 19.189466232162587,
      "sharpe_with_costs": 19.159521903495033,
      "sharpe_degradation": 0.029944328667554032,
      "total_transaction_costs": 0.3803692744469847,
      "total_slippage_costs": 0.19018463722349235,
      "total_costs": 0.5705539116704771,
      "cost_drag_pct": 0.1287072576115867,
      "annualized_costs": 0.19094234494151424,
      "annualized_turnover": 126.5019920318725,
      "cost_per_trade": 0.004510236578145936
    },
    "sharpe_without_costs": 19.17671998948608,
    "sharpe_degradation": 0.029944328667554032,
    "annualized_costs": 0.19094234494151424,
    "cost_drag_pct": 0.1287072576115867
  },
  "diversity": {
    "pairwise_correlations": {
      "RandomForest_XGBoost": NaN,
      "RandomForest_LightGBM": NaN,
      "RandomForest_CatBoost": NaN,
      "XGBoost_LightGBM": NaN,
      "XGBoost_CatBoost": NaN,
      "LightGBM_CatBoost": NaN
    },
    "average_correlation": NaN,
    "diversity_score": NaN,
    "high_correlation_pairs": []
  },
  "oof_performance": {
    "RandomForest": {
      "error": "Input contains NaN."
    },
    "XGBoost": {
      "error": "Input contains NaN."
    },
    "LightGBM": {
      "error": "Input contains NaN."
    },
    "CatBoost": {
      "error": "Input contains NaN."
    }
  }
}