{
  "2.0": {
    "RandomForest": 0.0,
    "XGBoost": 0.0006909995987320261,
    "LightGBM": 0.9912446047802894,
    "CatBoost": 0.008064395620978656
  }
}