{
  "individual_models": {
    "RandomForest": {
      "auc": 0.9999711843242725,
      "brier_score": 0.004394179490325721,
      "calibration_mae": 0.1732241122237298,
      "oof_sharpe": 10.777508859457056
    },
    "XGBoost": {
      "auc": 1.0,
      "brier_score": 0.0010634306983325827,
      "calibration_mae": 0.08622034121150304,
      "oof_sharpe": 12.71201673833218
    },
    "LightGBM": {
      "auc": 1.0,
      "brier_score": 0.0004915066701228208,
      "calibration_mae": 0.03992375751216286,
      "oof_sharpe": 12.757417618657978
    },
    "CatBoost": {
      "auc": 1.0,
      "brier_score": 0.0003591377332468124,
      "calibration_mae": 0.07487404912138682,
      "oof_sharpe": 12.733101264916735
    }
  },
  "ensemble": {
    "total_return": 4.172008120170048e+106,
    "annualized_return": 2.509454448053122e+41,
    "volatility": 7.801893174641807,
    "sharpe_ratio": 17.553839980340893,
    "max_drawdown": -0.0015000000000000384,
    "trade_count": 337,
    "turnover": 338.2501494271768,
    "costs_applied": true,
    "cost_analysis": {
      "sharpe_without_costs": 17.595006442678883,
      "sharpe_with_costs": 17.567379388431984,
      "sharpe_degradation": 0.027627054246899263,
      "total_transaction_costs": 0.3382501494271768,
      "total_slippage_costs": 0.1691250747135884,
      "total_costs": 0.5073752241407652,
      "cost_drag_pct": 0.14353384295619329,
      "annualized_costs": 0.19700856160781638,
      "annualized_turnover": 130.85362095531588,
      "cost_per_trade": 0.0038774259392793157
    },
    "sharpe_without_costs": 17.581445742057277,
    "sharpe_degradation": 0.027627054246899263,
    "annualized_costs": 0.19700856160781638,
    "cost_drag_pct": 0.14353384295619329
  },
  "diversity": {
    "pairwise_correlations": {
      "RandomForest_XGBoost": NaN,
      "RandomForest_LightGBM": NaN,
      "RandomForest_CatBoost": NaN,
      "XGBoost_LightGBM": NaN,
      "XGBoost_CatBoost": NaN,
      "LightGBM_CatBoost": NaN
    },
    "average_correlation": NaN,
    "diversity_score": NaN,
    "high_correlation_pairs": []
  },
  "oof_performance": {
    "RandomForest": {
      "error": "Input contains NaN."
    },
    "XGBoost": {
      "error": "Input contains NaN."
    },
    "LightGBM": {
      "error": "Input contains NaN."
    },
    "CatBoost": {
      "error": "Input contains NaN."
    }
  }
}