{
  "2.0": {
    "RandomForest": 0.0,
    "XGBoost": 0.0002648042915547148,
    "LightGBM": 0.9997351957084454,
    "CatBoost": 4.0657581468206416e-19
  }
}