{
  "1.0": {
    "RandomForest": 0.0,
    "XGBoost": 0.0,
    "LightGBM": 0.9999999999999813,
    "CatBoost": 1.8540724511239767e-14
  },
  "2.0": {
    "RandomForest": 0.0,
    "XGBoost": 0.0004869216928391001,
    "LightGBM": 0.9995130783071609,
    "CatBoost": 2.608861477543245e-19
  }
}