{
  "individual_models": {
    "RandomForest": {
      "auc": 1.0,
      "brier_score": 0.010004722202746464,
      "calibration_mae": 0.20014019759593044,
      "oof_sharpe": 10.067147234820144
    },
    "XGBoost": {
      "auc": 1.0,
      "brier_score": 0.0005159119257832969,
      "calibration_mae": 0.04072102172664078,
      "oof_sharpe": 12.84771843072172
    },
    "LightGBM": {
      "auc": 1.0,
      "brier_score": 0.0019081695116025385,
      "calibration_mae": 0.15012391401724573,
      "oof_sharpe": 11.029626413747502
    },
    "CatBoost": {
      "auc": 1.0,
      "brier_score": 0.0004208527373882672,
      "calibration_mae": 0.04545256207370213,
      "oof_sharpe": 12.832688923280461
    }
  },
  "ensemble": {
    "total_return": 1.0640255576162253e+104,
    "annualized_return": 2.978174320055564e+43,
    "volatility": 7.532430567703515,
    "sharpe_ratio": 18.959885368112413,
    "max_drawdown": -0.0015000000000000202,
    "trade_count": 320,
    "turnover": 318.50167697391066,
    "costs_applied": true,
    "cost_analysis": {
      "sharpe_without_costs": 19.006684928155266,
      "sharpe_with_costs": 18.97562624701142,
      "sharpe_degradation": 0.03105868114384691,
      "total_transaction_costs": 0.31850167697391063,
      "total_slippage_costs": 0.15925083848695532,
      "total_costs": 0.47775251546086595,
      "cost_drag_pct": 0.1394918159233074,
      "annualized_costs": 0.19965776765528725,
      "annualized_turnover": 133.73134328358208,
      "cost_per_trade": 0.003572479747307815
    },
    "sharpe_without_costs": 18.99091828510322,
    "sharpe_degradation": 0.03105868114384691,
    "annualized_costs": 0.19965776765528725,
    "cost_drag_pct": 0.1394918159233074
  },
  "diversity": {
    "pairwise_correlations": {
      "RandomForest_XGBoost": NaN,
      "RandomForest_LightGBM": NaN,
      "RandomForest_CatBoost": NaN,
      "XGBoost_LightGBM": NaN,
      "XGBoost_CatBoost": NaN,
      "LightGBM_CatBoost": NaN
    },
    "average_correlation": NaN,
    "diversity_score": NaN,
    "high_correlation_pairs": []
  },
  "oof_performance": {
    "RandomForest": {
      "error": "Input contains NaN."
    },
    "XGBoost": {
      "error": "Input contains NaN."
    },
    "LightGBM": {
      "error": "Input contains NaN."
    },
    "CatBoost": {
      "error": "Input contains NaN."
    }
  }
}