{
  "2.0": {
    "RandomForest": 6.938893903907228e-18,
    "XGBoost": 0.9373900097427084,
    "LightGBM": 0.0,
    "CatBoost": 0.06260999025729164
  }
}