{
  "individual_models": {
    "RandomForest": {
      "auc": 1.0,
      "brier_score": 0.004798189912335253,
      "calibration_mae": 0.08087572980342178,
      "oof_sharpe": 10.582510128006104
    },
    "XGBoost": {
      "auc": 1.0,
      "brier_score": 0.00018575887935189892,
      "calibration_mae": 0.05451332692714404,
      "oof_sharpe": 12.393135748994169
    },
    "LightGBM": {
      "auc": 1.0,
      "brier_score": 7.624277362616388e-05,
      "calibration_mae": 0.01197879231473289,
      "oof_sharpe": 12.432509540768873
    },
    "CatBoost": {
      "auc": 1.0,
      "brier_score": 5.9123379486419656e-06,
      "calibration_mae": 0.0010385420001620433,
      "oof_sharpe": 12.426592534359878
    }
  },
  "ensemble": {
    "total_return": 3.311348632233953e+114,
    "annualized_return": 1.792068745914981e+42,
    "volatility": 7.738999111726703,
    "sharpe_ratio": 18.038850657542262,
    "max_drawdown": -0.0015000000000000313,
    "trade_count": 353,
    "turnover": 350.1910418047802,
    "costs_applied": true,
    "cost_analysis": {
      "sharpe_without_costs": 18.080258777963316,
      "sharpe_with_costs": 18.052070777057693,
      "sharpe_degradation": 0.028188000905622346,
      "total_transaction_costs": 0.3501910418047802,
      "total_slippage_costs": 0.1750955209023901,
      "total_costs": 0.5252865627071703,
      "cost_drag_pct": 0.13853586898659828,
      "annualized_costs": 0.19380997628434393,
      "annualized_turnover": 130.24304538799413,
      "cost_per_trade": 0.004033125616360868
    },
    "sharpe_without_costs": 18.067018015456533,
    "sharpe_degradation": 0.028188000905622346,
    "annualized_costs": 0.19380997628434393,
    "cost_drag_pct": 0.13853586898659828
  },
  "diversity": {
    "pairwise_correlations": {
      "RandomForest_XGBoost": NaN,
      "RandomForest_LightGBM": NaN,
      "RandomForest_CatBoost": NaN,
      "XGBoost_LightGBM": NaN,
      "XGBoost_CatBoost": NaN,
      "LightGBM_CatBoost": NaN
    },
    "average_correlation": NaN,
    "diversity_score": NaN,
    "high_correlation_pairs": []
  },
  "oof_performance": {
    "RandomForest": {
      "error": "Input contains NaN."
    },
    "XGBoost": {
      "error": "Input contains NaN."
    },
    "LightGBM": {
      "error": "Input contains NaN."
    },
    "CatBoost": {
      "error": "Input contains NaN."
    }
  }
}