{
  "2.0": {
    "RandomForest": 0.00016297686129714863,
    "XGBoost": 0.00018645905302501486,
    "LightGBM": 0.9951296121304826,
    "CatBoost": 0.004520951955195279
  }
}