{
  "2.0": {
    "RandomForest": 0.0005665749962061708,
    "XGBoost": 0.0010169492656225913,
    "LightGBM": 0.9909313560814291,
    "CatBoost": 0.007485119656742154
  }
}