{
  "individual_models": {
    "RandomForest": {
      "auc": 1.0,
      "brier_score": 0.006818636088435879,
      "calibration_mae": 0.1964902703019377,
      "oof_sharpe": 9.755655802320833
    },
    "XGBoost": {
      "auc": 1.0,
      "brier_score": 0.0010360026989081937,
      "calibration_mae": 0.1718078201981052,
      "oof_sharpe": 12.338850933820833
    },
    "LightGBM": {
      "auc": 1.0,
      "brier_score": 0.0013221370202252342,
      "calibration_mae": 0.1817684137534793,
      "oof_sharpe": 12.419293149962993
    },
    "CatBoost": {
      "auc": 1.0,
      "brier_score": 0.000664452632111713,
      "calibration_mae": 0.09386209959696752,
      "oof_sharpe": 12.438441976705969
    }
  },
  "ensemble": {
    "total_return": 7.012071420536659e+114,
    "annualized_return": 6.491677199145367e+42,
    "volatility": 7.684469517861923,
    "sharpe_ratio": 18.381983133498622,
    "max_drawdown": -0.0015000000000000482,
    "trade_count": 342,
    "turnover": 340.14616485973795,
    "costs_applied": true,
    "cost_analysis": {
      "sharpe_without_costs": 18.423831262836416,
      "sharpe_with_costs": 18.39559437796529,
      "sharpe_degradation": 0.028236884871127188,
      "total_transaction_costs": 0.340146164859738,
      "total_slippage_costs": 0.170073082429869,
      "total_costs": 0.510219247289607,
      "cost_drag_pct": 0.1343689786426145,
      "annualized_costs": 0.1902000744334038,
      "annualized_turnover": 127.49112426035504,
      "cost_per_trade": 0.00400199818026286
    },
    "sharpe_without_costs": 18.41019912537031,
    "sharpe_degradation": 0.028236884871127188,
    "annualized_costs": 0.1902000744334038,
    "cost_drag_pct": 0.1343689786426145
  },
  "diversity": {
    "pairwise_correlations": {
      "RandomForest_XGBoost": NaN,
      "RandomForest_LightGBM": NaN,
      "RandomForest_CatBoost": NaN,
      "XGBoost_LightGBM": NaN,
      "XGBoost_CatBoost": NaN,
      "LightGBM_CatBoost": NaN
    },
    "average_correlation": NaN,
    "diversity_score": NaN,
    "high_correlation_pairs": []
  },
  "oof_performance": {
    "RandomForest": {
      "error": "Input contains NaN."
    },
    "XGBoost": {
      "error": "Input contains NaN."
    },
    "LightGBM": {
      "error": "Input contains NaN."
    },
    "CatBoost": {
      "error": "Input contains NaN."
    }
  }
}