{
  "2.0": {
    "RandomForest": 0.001311752607085893,
    "XGBoost": 0.00029779497327263316,
    "LightGBM": 0.9956503505610088,
    "CatBoost": 0.0027401018586326598
  }
}