{
  "RandomForest": 1.0547118733938954e-14,
  "LightGBM": 0.9999999999999896,
  "MLP": 0.0
}