{
  "2.0": {
    "RandomForest": 4.8572257327350605e-17,
    "XGBoost": 0.11268672301772416,
    "LightGBM": 9.801187639268961e-17,
    "CatBoost": 0.8873132769822757
  }
}